5E-CF-7F-01-85-56,5ECF7F018556,5C-CF-7F-01-85-56,5CCF7F018556
5E-CF-7F-01-85-56,5ECF7F018556,5C-CF-7F-01-85-56,5CCF7F018556
1A-FE-34-A2-3D-A2,1AFE34A23DA2,18-FE-34-A2-3D-A2,18FE34A23DA2
1A-FE-34-A2-3D-A2,1AFE34A23DA2,18-FE-34-A2-3D-A2,18FE34A23DA2
1A-FE-34-A2-3D-A2,1AFE34A23DA2,18-FE-34-A2-3D-A2,18FE34A23DA2
1A-FE-34-A2-3D-A2,1AFE34A23DA2,18-FE-34-A2-3D-A2,18FE34A23DA2
1A-FE-34-A2-3D-A2,1AFE34A23DA2,18-FE-34-A2-3D-A2,18FE34A23DA2
1A-FE-34-A2-3D-A2,1AFE34A23DA2,18-FE-34-A2-3D-A2,18FE34A23DA2
1A-FE-34-A2-3D-A2,1AFE34A23DA2,18-FE-34-A2-3D-A2,18FE34A23DA2
1A-FE-34-A2-3D-A2,1AFE34A23DA2,18-FE-34-A2-3D-A2,18FE34A23DA2
1A-FE-34-A2-3D-A2,1AFE34A23DA2,18-FE-34-A2-3D-A2,18FE34A23DA2
1A-FE-34-A2-3D-A2,1AFE34A23DA2,18-FE-34-A2-3D-A2,18FE34A23DA2
1A-FE-34-A2-3D-A2,1AFE34A23DA2,18-FE-34-A2-3D-A2,18FE34A23DA2
1A-FE-34-A2-3D-A2,1AFE34A23DA2,18-FE-34-A2-3D-A2,18FE34A23DA2
1A-FE-34-A2-3D-A2,1AFE34A23DA2,18-FE-34-A2-3D-A2,18FE34A23DA2
1A-FE-34-A2-3D-A2,1AFE34A23DA2,18-FE-34-A2-3D-A2,18FE34A23DA2
1A-FE-34-A2-3D-A2,1AFE34A23DA2,18-FE-34-A2-3D-A2,18FE34A23DA2
1A-FE-34-A2-3D-A2,1AFE34A23DA2,18-FE-34-A2-3D-A2,18FE34A23DA2
1A-FE-34-A2-3D-A2,1AFE34A23DA2,18-FE-34-A2-3D-A2,18FE34A23DA2
1A-FE-34-A2-3D-A2,1AFE34A23DA2,18-FE-34-A2-3D-A2,18FE34A23DA2
1A-FE-34-A2-3D-A2,1AFE34A23DA2,18-FE-34-A2-3D-A2,18FE34A23DA2
1A-FE-34-A2-3D-A2,1AFE34A23DA2,18-FE-34-A2-3D-A2,18FE34A23DA2
1A-FE-34-A2-3D-A2,1AFE34A23DA2,18-FE-34-A2-3D-A2,18FE34A23DA2
1A-FE-34-A2-3D-A2,1AFE34A23DA2,18-FE-34-A2-3D-A2,18FE34A23DA2
1A-FE-34-A2-3D-A2,1AFE34A23DA2,18-FE-34-A2-3D-A2,18FE34A23DA2
1A-FE-34-A2-3D-A2,1AFE34A23DA2,18-FE-34-A2-3D-A2,18FE34A23DA2
1A-FE-34-A2-3D-A2,1AFE34A23DA2,18-FE-34-A2-3D-A2,18FE34A23DA2
1A-FE-34-A2-3D-A2,1AFE34A23DA2,18-FE-34-A2-3D-A2,18FE34A23DA2
1A-FE-34-A2-3D-A2,1AFE34A23DA2,18-FE-34-A2-3D-A2,18FE34A23DA2
1A-FE-34-A2-3D-A2,1AFE34A23DA2,18-FE-34-A2-3D-A2,18FE34A23DA2
1A-FE-34-A2-3D-A2,1AFE34A23DA2,18-FE-34-A2-3D-A2,18FE34A23DA2
1A-FE-34-A2-3D-A2,1AFE34A23DA2,18-FE-34-A2-3D-A2,18FE34A23DA2
1A-FE-34-A2-3D-A2,1AFE34A23DA2,18-FE-34-A2-3D-A2,18FE34A23DA2
1A-FE-34-A2-3D-A2,1AFE34A23DA2,18-FE-34-A2-3D-A2,18FE34A23DA2
1A-FE-34-A2-3D-A2,1AFE34A23DA2,18-FE-34-A2-3D-A2,18FE34A23DA2
1A-FE-34-A2-36-6B,1AFE34A2366B,18-FE-34-A2-36-6B,18FE34A2366B
1A-FE-34-A2-4A-7F,1AFE34A24A7F,18-FE-34-A2-4A-7F,18FE34A24A7F
1A-FE-34-A2-3C-70,1AFE34A23C70,18-FE-34-A2-3C-70,18FE34A23C70
1A-FE-34-A2-3C-70,1AFE34A23C70,18-FE-34-A2-3C-70,18FE34A23C70
1A-FE-34-A2-3C-70,1AFE34A23C70,18-FE-34-A2-3C-70,18FE34A23C70
1A-FE-34-A2-3C-70,1AFE34A23C70,18-FE-34-A2-3C-70,18FE34A23C70
1A-FE-34-A2-3C-70,1AFE34A23C70,18-FE-34-A2-3C-70,18FE34A23C70
1A-FE-34-A2-3C-70,1AFE34A23C70,18-FE-34-A2-3C-70,18FE34A23C70
1A-FE-34-A2-3C-70,1AFE34A23C70,18-FE-34-A2-3C-70,18FE34A23C70
1A-FE-34-A2-3C-70,1AFE34A23C70,18-FE-34-A2-3C-70,18FE34A23C70
1A-FE-34-A2-3C-70,1AFE34A23C70,18-FE-34-A2-3C-70,18FE34A23C70
1A-FE-34-A2-3C-70,1AFE34A23C70,18-FE-34-A2-3C-70,18FE34A23C70
1A-FE-34-A2-3C-70,1AFE34A23C70,18-FE-34-A2-3C-70,18FE34A23C70
1A-FE-34-A2-3C-70,1AFE34A23C70,18-FE-34-A2-3C-70,18FE34A23C70
1A-FE-34-A2-3C-70,1AFE34A23C70,18-FE-34-A2-3C-70,18FE34A23C70
1A-FE-34-A2-3C-70,1AFE34A23C70,18-FE-34-A2-3C-70,18FE34A23C70
1A-FE-34-A2-3C-70,1AFE34A23C70,18-FE-34-A2-3C-70,18FE34A23C70
1A-FE-34-A2-3C-70,1AFE34A23C70,18-FE-34-A2-3C-70,18FE34A23C70
1A-FE-34-A2-3C-70,1AFE34A23C70,18-FE-34-A2-3C-70,18FE34A23C70
1A-FE-34-A2-3C-70,1AFE34A23C70,18-FE-34-A2-3C-70,18FE34A23C70
1A-FE-34-A2-3C-70,1AFE34A23C70,18-FE-34-A2-3C-70,18FE34A23C70
1A-FE-34-A2-3C-70,1AFE34A23C70,18-FE-34-A2-3C-70,18FE34A23C70
1A-FE-34-A2-3C-70,1AFE34A23C70,18-FE-34-A2-3C-70,18FE34A23C70
1A-FE-34-A2-3C-70,1AFE34A23C70,18-FE-34-A2-3C-70,18FE34A23C70
1A-FE-34-A2-3C-70,1AFE34A23C70,18-FE-34-A2-3C-70,18FE34A23C70
1A-FE-34-A2-3C-70,1AFE34A23C70,18-FE-34-A2-3C-70,18FE34A23C70
1A-FE-34-A2-3C-70,1AFE34A23C70,18-FE-34-A2-3C-70,18FE34A23C70
1A-FE-34-A2-3C-70,1AFE34A23C70,18-FE-34-A2-3C-70,18FE34A23C70
1A-FE-34-A2-3C-70,1AFE34A23C70,18-FE-34-A2-3C-70,18FE34A23C70
1A-FE-34-A2-3C-70,1AFE34A23C70,18-FE-34-A2-3C-70,18FE34A23C70
1A-FE-34-A2-3C-70,1AFE34A23C70,18-FE-34-A2-3C-70,18FE34A23C70
1A-FE-34-A2-3C-70,1AFE34A23C70,18-FE-34-A2-3C-70,18FE34A23C70
1A-FE-34-A2-3C-70,1AFE34A23C70,18-FE-34-A2-3C-70,18FE34A23C70
1A-FE-34-A2-3C-70,1AFE34A23C70,18-FE-34-A2-3C-70,18FE34A23C70
1A-FE-34-A2-3C-70,1AFE34A23C70,18-FE-34-A2-3C-70,18FE34A23C70
1A-FE-34-A2-36-6B,1AFE34A2366B,18-FE-34-A2-36-6B,18FE34A2366B
1A-FE-34-A2-36-6B,1AFE34A2366B,18-FE-34-A2-36-6B,18FE34A2366B
1A-FE-34-A2-36-6B,1AFE34A2366B,18-FE-34-A2-36-6B,18FE34A2366B
1A-FE-34-A2-36-6B,1AFE34A2366B,18-FE-34-A2-36-6B,18FE34A2366B
1A-FE-34-A2-36-6B,1AFE34A2366B,18-FE-34-A2-36-6B,18FE34A2366B
1A-FE-34-A2-36-6B,1AFE34A2366B,18-FE-34-A2-36-6B,18FE34A2366B
62-01-94-00-FD-E1,62019400FDE1,60-01-94-00-FD-E1,60019400FDE1
62-01-94-00-FB-AD,62019400FBAD,60-01-94-00-FB-AD,60019400FBAD
62-01-94-00-FB-AD,62019400FBAD,60-01-94-00-FB-AD,60019400FBAD
1A-FE-34-A2-3C-70,1AFE34A23C70,18-FE-34-A2-3C-70,18FE34A23C70
62-01-94-00-FD-E1,62019400FDE1,60-01-94-00-FD-E1,60019400FDE1
62-01-94-00-FD-E1,62019400FDE1,60-01-94-00-FD-E1,60019400FDE1
62-01-94-00-FD-E1,62019400FDE1,60-01-94-00-FD-E1,60019400FDE1
62-01-94-00-FD-E1,62019400FDE1,60-01-94-00-FD-E1,60019400FDE1
62-01-94-00-FF-5E,62019400FF5E,60-01-94-00-FF-5E,60019400FF5E
62-01-94-00-FF-5E,62019400FF5E,60-01-94-00-FF-5E,60019400FF5E
62-01-94-00-FF-5E,62019400FF5E,60-01-94-00-FF-5E,60019400FF5E
62-01-94-00-FF-5E,62019400FF5E,60-01-94-00-FF-5E,60019400FF5E
62-01-94-00-FB-51,62019400FB51,60-01-94-00-FB-51,60019400FB51
62-01-94-00-FB-51,62019400FB51,60-01-94-00-FB-51,60019400FB51
62-01-94-00-FB-51,62019400FB51,60-01-94-00-FB-51,60019400FB51
62-01-94-00-FF-60,62019400FF60,60-01-94-00-FF-60,60019400FF60
1A-FE-34-A2-36-6B,1AFE34A2366B,18-FE-34-A2-36-6B,18FE34A2366B
62-01-94-00-FF-60,62019400FF60,60-01-94-00-FF-60,60019400FF60
1A-FE-34-A2-36-6B,1AFE34A2366B,18-FE-34-A2-36-6B,18FE34A2366B
1A-FE-34-A2-36-6B,1AFE34A2366B,18-FE-34-A2-36-6B,18FE34A2366B
1A-FE-34-A2-36-6B,1AFE34A2366B,18-FE-34-A2-36-6B,18FE34A2366B
1A-FE-34-A2-36-6B,1AFE34A2366B,18-FE-34-A2-36-6B,18FE34A2366B
1A-FE-34-A2-36-6B,1AFE34A2366B,18-FE-34-A2-36-6B,18FE34A2366B
1A-FE-34-A2-36-6B,1AFE34A2366B,18-FE-34-A2-36-6B,18FE34A2366B
1A-FE-34-A2-36-6B,1AFE34A2366B,18-FE-34-A2-36-6B,18FE34A2366B
1A-FE-34-A2-36-6B,1AFE34A2366B,18-FE-34-A2-36-6B,18FE34A2366B
